{
  "version": 1,
  "author": "Ath Thaareq Mahesa",
  "editor": "wokwi",
  "parts": [
    { "type": "wokwi-esp32-devkit-v1", "id": "esp", "top": -4.9, "left": -62.6, "attrs": {} },
    { "type": "wokwi-dht22", "id": "dht1", "top": -18.9, "left": 109.8, "attrs": {} },
    { "type": "wokwi-led", "id": "led1", "top": 44.4, "left": 51.8, "attrs": { "color": "red" } }
  ],
  "connections": [
    [ "esp:TX0", "$serialMonitor:RX", "", [] ],
    [ "esp:RX0", "$serialMonitor:TX", "", [] ],
    [ "dht1:SDA", "esp:D15", "green", [ "v0" ] ],
    [ "dht1:VCC", "esp:3V3", "red", [ "v0" ] ],
    [ "dht1:GND", "esp:GND.1", "black", [ "v0" ] ],
    [ "led1:A", "esp:D2", "green", [ "v38.4" ] ],
    [ "dht1:GND", "led1:C", "black", [ "v48", "h-86.8" ] ]
  ],
  "dependencies": {}
}